<?xml version="1.0" encoding="UTF-8" standalone="no"?>
<catalog xmlns="urn:oasis:names:tc:entity:xmlns:xml:catalog" prefer="system">
    <system systemId="http://localhost:8080/employee_ws/Login?wsdl" uri="xml-resources/web-service-references/Login/wsdl/localhost_8080/employee_ws/Login.wsdl"/>
    <system systemId="http://localhost:8080/employee_ws/Login?xsd=1" uri="xml-resources/web-service-references/Login/wsdl/localhost_8080/employee_ws/Login.xsd_1.xsd"/>
    <system systemId="http://localhost:8080/EBanking/Login?wsdl" uri="xml-resources/web-service-references/Login/wsdl/localhost_8080/EBanking/Login.wsdl"/>
    <system systemId="http://localhost:8080/EBanking/Login?xsd=1" uri="xml-resources/web-service-references/Login/wsdl/localhost_8080/EBanking/Login.xsd_1.xsd"/>
    <system systemId="http://localhost:8080/EBanking/displayCustomer?wsdl" uri="xml-resources/web-service-references/displayCustomer/wsdl/localhost_8080/EBanking/displayCustomer.wsdl"/>
    <system systemId="http://localhost:8080/EBanking/displayCustomer?xsd=1" uri="xml-resources/web-service-references/displayCustomer/wsdl/localhost_8080/EBanking/displayCustomer.xsd_1.xsd"/>
    <system systemId="http://localhost:8080/EBanking/AddCustomer?wsdl" uri="xml-resources/web-service-references/AddCustomer/wsdl/localhost_8080/EBanking/AddCustomer.wsdl"/>
    <system systemId="http://localhost:8080/EBanking/AddCustomer?xsd=1" uri="xml-resources/web-service-references/AddCustomer/wsdl/localhost_8080/EBanking/AddCustomer.xsd_1.xsd"/>
    <system systemId="http://localhost:8080/EBanking/ManageCustomers?wsdl" uri="xml-resources/web-service-references/ManageCustomers/wsdl/localhost_8080/EBanking/ManageCustomers.wsdl"/>
    <system systemId="http://localhost:8080/EBanking/ManageCustomers?xsd=1" uri="xml-resources/web-service-references/ManageCustomers/wsdl/localhost_8080/EBanking/ManageCustomers.xsd_1.xsd"/>
    <system systemId="http://localhost:8080/EBanking/ManageEmployees?wsdl" uri="xml-resources/web-service-references/ManageEmployees/wsdl/localhost_8080/EBanking/ManageEmployees.wsdl"/>
    <system systemId="http://localhost:8080/EBanking/ManageEmployees?xsd=1" uri="xml-resources/web-service-references/ManageEmployees/wsdl/localhost_8080/EBanking/ManageEmployees.xsd_1.xsd"/>
</catalog>