<?xml version="1.0" encoding="UTF-8"?><!--
        *** GENERATED FROM jax-ws.xml - DO NOT EDIT !                             ***
        *** TO MODIFY wsimport options USE Web Service node -> Edit WS Attributes ***
        *** TO CHANGE TARGETS GENERATED TO jaxws-build.xml COPY THOSE             ***
        *** TARGETS TO ../build.xml AND MODIFY THAT FILE INSTEAD                  ***

        --><project xmlns:xalan="http://xml.apache.org/xslt" xmlns:j2seproject3="http://www.netbeans.org/ns/j2se-project/3" xmlns:jaxws="http://www.netbeans.org/ns/jax-ws/1">
    <!--
                ===================
                JAX-WS WSIMPORT SECTION
                ===================
            -->
    <target name="wsimport-init" depends="init">
        <mkdir dir="${build.generated.sources.dir}/jax-ws"/>
        <taskdef name="wsimport" classname="com.sun.tools.ws.ant.WsImport">
            <classpath path="${libs.jaxws21.classpath}"/>
        </taskdef>
    </target>
    <target name="wsimport-client-Login" depends="wsimport-init">
        <mkdir dir="${build.generated.dir}/jax-wsCache/Login"/>
        <property name="wsdl-Login" location="xml-resources/web-service-references/Login/wsdl/localhost_8080/EBanking/Login.wsdl"/>
        <wsimport sourcedestdir="${build.generated.dir}/jax-wsCache/Login" destdir="${build.generated.dir}/jax-wsCache/Login" wsdl="${wsdl-Login}" catalog="catalog.xml" encoding="${source.encoding}" extension="true" verbose="true" fork="false" wsdlLocation="http://localhost:8080/EBanking/Login?wsdl" xnocompile="true" xendorsed="true">
            <depends file="${wsdl-Login}"/>
            <produces dir="${build.generated.dir}/jax-wsCache/Login"/>
        </wsimport>
        <copy todir="${build.generated.sources.dir}/jax-ws">
            <fileset dir="${build.generated.dir}/jax-wsCache/Login">
                <include name="**/*.java"/>
            </fileset>
        </copy>
    </target>
    <target name="wsimport-client-clean-Login" depends="-init-project">
        <delete dir="${build.generated.dir}/jax-wsCache/Login"/>
        <delete dir="${build.generated.sources.dir}/jax-ws/employee_ws"/>
    </target>
    <target name="wsimport-client-displayCustomer" depends="wsimport-init">
        <mkdir dir="${build.generated.dir}/jax-wsCache/displayCustomer"/>
        <property name="wsdl-displayCustomer" location="xml-resources/web-service-references/displayCustomer/wsdl/localhost_8080/EBanking/displayCustomer.wsdl"/>
        <wsimport sourcedestdir="${build.generated.dir}/jax-wsCache/displayCustomer" destdir="${build.generated.dir}/jax-wsCache/displayCustomer" wsdl="${wsdl-displayCustomer}" catalog="catalog.xml" encoding="${source.encoding}" extension="true" verbose="true" fork="false" wsdlLocation="http://localhost:8080/EBanking/displayCustomer?wsdl" xnocompile="true" xendorsed="true">
            <depends file="${wsdl-displayCustomer}"/>
            <produces dir="${build.generated.dir}/jax-wsCache/displayCustomer"/>
        </wsimport>
        <copy todir="${build.generated.sources.dir}/jax-ws">
            <fileset dir="${build.generated.dir}/jax-wsCache/displayCustomer">
                <include name="**/*.java"/>
            </fileset>
        </copy>
    </target>
    <target name="wsimport-client-clean-displayCustomer" depends="-init-project">
        <delete dir="${build.generated.dir}/jax-wsCache/displayCustomer"/>
        <delete dir="${build.generated.sources.dir}/jax-ws/customer_ws"/>
    </target>
    <target name="wsimport-client-AddCustomer" depends="wsimport-init">
        <mkdir dir="${build.generated.dir}/jax-wsCache/AddCustomer"/>
        <property name="wsdl-AddCustomer" location="xml-resources/web-service-references/AddCustomer/wsdl/localhost_8080/EBanking/AddCustomer.wsdl"/>
        <wsimport sourcedestdir="${build.generated.dir}/jax-wsCache/AddCustomer" destdir="${build.generated.dir}/jax-wsCache/AddCustomer" wsdl="${wsdl-AddCustomer}" catalog="catalog.xml" encoding="${source.encoding}" extension="true" verbose="true" fork="false" wsdlLocation="http://localhost:8080/EBanking/AddCustomer?wsdl" xnocompile="true" xendorsed="true">
            <depends file="${wsdl-AddCustomer}"/>
            <produces dir="${build.generated.dir}/jax-wsCache/AddCustomer"/>
        </wsimport>
        <copy todir="${build.generated.sources.dir}/jax-ws">
            <fileset dir="${build.generated.dir}/jax-wsCache/AddCustomer">
                <include name="**/*.java"/>
            </fileset>
        </copy>
    </target>
    <target name="wsimport-client-clean-AddCustomer" depends="-init-project">
        <delete dir="${build.generated.dir}/jax-wsCache/AddCustomer"/>
        <delete dir="${build.generated.sources.dir}/jax-ws/customer_ws"/>
    </target>
    <target name="wsimport-client-ManageCustomers" depends="wsimport-init">
        <mkdir dir="${build.generated.dir}/jax-wsCache/ManageCustomers"/>
        <property name="wsdl-ManageCustomers" location="xml-resources/web-service-references/ManageCustomers/wsdl/localhost_8080/EBanking/ManageCustomers.wsdl"/>
        <wsimport sourcedestdir="${build.generated.dir}/jax-wsCache/ManageCustomers" destdir="${build.generated.dir}/jax-wsCache/ManageCustomers" wsdl="${wsdl-ManageCustomers}" catalog="catalog.xml" encoding="${source.encoding}" extension="true" verbose="true" fork="false" wsdlLocation="http://localhost:8080/EBanking/ManageCustomers?wsdl" xnocompile="true" xendorsed="true">
            <depends file="${wsdl-ManageCustomers}"/>
            <produces dir="${build.generated.dir}/jax-wsCache/ManageCustomers"/>
        </wsimport>
        <copy todir="${build.generated.sources.dir}/jax-ws">
            <fileset dir="${build.generated.dir}/jax-wsCache/ManageCustomers">
                <include name="**/*.java"/>
            </fileset>
        </copy>
    </target>
    <target name="wsimport-client-clean-ManageCustomers" depends="-init-project">
        <delete dir="${build.generated.dir}/jax-wsCache/ManageCustomers"/>
        <delete dir="${build.generated.sources.dir}/jax-ws/customer_ws"/>
    </target>
    <target name="wsimport-client-ManageEmployees" depends="wsimport-init">
        <mkdir dir="${build.generated.dir}/jax-wsCache/ManageEmployees"/>
        <property name="wsdl-ManageEmployees" location="xml-resources/web-service-references/ManageEmployees/wsdl/localhost_8080/EBanking/ManageEmployees.wsdl"/>
        <wsimport sourcedestdir="${build.generated.dir}/jax-wsCache/ManageEmployees" destdir="${build.generated.dir}/jax-wsCache/ManageEmployees" wsdl="${wsdl-ManageEmployees}" catalog="catalog.xml" encoding="${source.encoding}" extension="true" verbose="true" fork="false" wsdlLocation="http://localhost:8080/EBanking/ManageEmployees?wsdl" xnocompile="true" xendorsed="true">
            <depends file="${wsdl-ManageEmployees}"/>
            <produces dir="${build.generated.dir}/jax-wsCache/ManageEmployees"/>
        </wsimport>
        <copy todir="${build.generated.sources.dir}/jax-ws">
            <fileset dir="${build.generated.dir}/jax-wsCache/ManageEmployees">
                <include name="**/*.java"/>
            </fileset>
        </copy>
    </target>
    <target name="wsimport-client-clean-ManageEmployees" depends="-init-project">
        <delete dir="${build.generated.dir}/jax-wsCache/ManageEmployees"/>
        <delete dir="${build.generated.sources.dir}/jax-ws/employee_ws"/>
    </target>
    <target name="wsimport-client-generate" depends="wsimport-client-Login, wsimport-client-displayCustomer, wsimport-client-AddCustomer, wsimport-client-ManageCustomers, wsimport-client-ManageEmployees"/>
</project>
